rank,uri,artist_names,track_name,source,peak_rank,previous_rank,weeks_on_chart,streams
1,"spotify:track:6tNQ70jh4OwmPGpYy6R2o9","Benson Boone","Beautiful Things","Night Street Records, Inc./Warner Records Inc.",1,1,11,"3871527"
2,"spotify:track:7wLShogStyDeZvL0a6daN5","Beyoncé","TEXAS HOLD 'EM","Parkwood Entertainment/Columbia",2,6,8,"3500055"
3,"spotify:track:0mflMxspEfB0VbI1kyLiAv","Noah Kahan","Stick Season","Mercury Records/Republic Records",1,2,27,"3474562"
4,"spotify:track:0AjmK0Eai4zGrLaJwPvrDp","Hozier","Too Sweet","Rubyworks / Universal-Island Records Ltd",4,-1,1,"3341210"
5,"spotify:track:2GxrNKugF82CnoRFbQfzPf","Artemas","i like the way you kiss me","Artemas",5,11,2,"3225845"
6,"spotify:track:3qhlB30KknSejmIvZZLjOD","Djo","End of Beginning","Djo",2,3,7,"3200915"
7,"spotify:track:51ZQ1vr10ffzbwIjDCwqm4","Ariana Grande","we can't be friends (wait for your love)","Republic Records",4,4,4,"2790503"
8,"spotify:track:17phhZDn6oGtzMe56NuWvj","Teddy Swims","Lose Control","Warner Records",3,5,20,"2687336"
9,"spotify:track:2tudvzsrR56uom6smgOcSf","Future, Metro Boomin, Kendrick Lamar","Like That","Wilburn Holding Co./Boominati/Epic/Republic",7,7,2,"2095149"
10,"spotify:track:3rUGC1vUpkDG9CZFHMur1t","Tate McRae","greedy","RCA Records Label",2,8,29,"1987223"
11,"spotify:track:3Pbp7cUCx4d3OAkZSCoNvn","Michael Marcagi","Scared To Start","Warner Records",9,10,11,"1952862"
12,"spotify:track:1VxEaXbIq3xAvqh80xP67w","Beyoncé","JOLENE","Parkwood Entertainment/Columbia",12,-1,1,"1940198"
13,"spotify:track:3w0w2T288dec0mgeZZqoNN","¥$, Kanye West, Ty Dolla $ign","CARNIVAL","Ye",5,9,8,"1757247"
14,"spotify:track:6zuPQl2RVqQ4y5nAH61CFC","Beyoncé, Miley Cyrus","II MOST WANTED","Parkwood Entertainment/Columbia",14,-1,1,"1753715"
15,"spotify:track:59NraMJsLaMCVtwXTSia8i","cassö, RAYE, D-Block Europe","Prada","Ministry of Sound Recordings",4,12,34,"1708219"
16,"spotify:track:2uqYupMHANxnwgeiXTZXzd","Dasha","Austin (Boots Stop Workin')","Warner Records",15,15,6,"1705647"
17,"spotify:track:1BxfuPKGuaTgP7aM0Bbdwr","Taylor Swift","Cruel Summer","Taylor Swift",3,14,57,"1617056"
18,"spotify:track:3U5JVgI2x4rDyHGObzJfNf","Natasha Bedingfield","Unwritten","Sony Music CG",11,17,14,"1482462"
19,"spotify:track:4xhsWYTOGcal8zt0J161CU","Jack Harlow","Lovin On Me","Generation Now/Atlantic",1,16,21,"1374079"
20,"spotify:track:6Y4rniIxibegzsg8cdWAWV","Beyoncé","BODYGUARD","Parkwood Entertainment/Columbia",20,-1,1,"1360629"
21,"spotify:track:57wp7VFnV8X0pSVnYArGeJ","Bryson Tiller","Whatever She Wants","TrapSoul/RCA Records",18,18,7,"1337781"
22,"spotify:track:6tNgRQ0K2NYZ0Rb9l9DzL8","Olivia Rodrigo","obsessed","Olivia Rodrigo PS",13,13,2,"1302377"
23,"spotify:track:5Jpz4nv8nA6FIYO5gEyQa2","Ella Henderson, Rudimental","Alibi (feat. Rudimental)","Atlantic Records UK",18,22,11,"1272318"
24,"spotify:track:6Qb7YsAqH4wWFUMbGsCpap","Dua Lipa","Training Season","Warner Records",13,19,7,"1264695"
25,"spotify:track:5uQ7de4EWjb3rkcFxyEOpu","Mark Ambor","Belong Together","Hundred Days Records, LLC",25,82,2,"1231709"
26,"spotify:track:4OMJGnvZfDvsePyCwRGO7X","Dua Lipa","Houdini","Warner Records",7,25,21,"1206768"
27,"spotify:track:3h5TiWTqGxjSjFrbruPFH9","YG Marley","Praise Jah In The Moonlight","YG Marley Music",5,23,12,"1195483"
28,"spotify:track:4tKGFmENO69tZR9ahgZu48","Sophie Ellis-Bextor","Murder On The Dancefloor","Polydor Records",2,21,15,"1192551"
29,"spotify:track:003vvx7Niy0yvhvHt4a68B","The Killers","Mr. Brightside","Island Records",12,32,380,"1180697"
30,"spotify:track:6dpLxbF7lfCAnC9QRTjNLK","Good Neighbours","Home","Some Action",25,28,10,"1179866"
31,"spotify:track:6me7F0aaZjwDo6RJ5MrfBD","Richy Mitch & The Coal Miners","Evergreen","Richy Mitch & The Coal Miners",27,30,30,"1169014"
32,"spotify:track:5aIVCx5tnk0ntmdiinnYvw","Tyla","Water","FAX Records/Epic",3,26,30,"1160596"
33,"spotify:track:6ocGUvvzNkvf4hAV9VFb4P","Beyoncé","AMERIICAN REQUIEM","Parkwood Entertainment/Columbia",33,-1,1,"1152384"
34,"spotify:track:3LJeR75SmszOUSvE1qNZDF","Beyoncé, Tanner Adell, Brittney Spencer, Tiera Kennedy, Reyna Roberts","BLACKBIIRD","Parkwood Entertainment/Columbia",34,-1,1,"1120049"
35,"spotify:track:27a8HLPwti6tmgQ6FR8aVI","Beyoncé","DAUGHTER","Parkwood Entertainment/Columbia",35,-1,1,"1109500"
36,"spotify:track:19kHhX6f6EfLU7rcO3RqjO","Jungle","Back On 74","Caiola Records",36,47,18,"1102396"
37,"spotify:track:7x5ziCOQFir0AQN8dFisK6","Beyoncé","16 CARRIAGES","Parkwood Entertainment/Columbia",37,-1,1,"1082258"
38,"spotify:track:0LMwmV37RCmBO2so0szAFs","Kygo, Ava Max","Whatever","Kygo/RCA Records",31,33,11,"1070182"
39,"spotify:track:5D34wRmbFS29AjtTOP2QJe","Ariana Grande","yes, and?","Republic Records",3,24,12,"1064211"
40,"spotify:track:2UDARQiksl207HcSduDpov","Beyoncé, Post Malone","LEVII'S JEANS","Parkwood Entertainment/Columbia",40,-1,1,"1060158"
41,"spotify:track:1kuGVB7EU95pJObxwvfwKS","Olivia Rodrigo","vampire","Olivia Rodrigo PS",2,29,40,"1033274"
42,"spotify:track:4KULAymBBJcPRpk1yO4dOG","Zach Bryan, Kacey Musgraves","I Remember Everything (feat. Kacey Musgraves)","Warner Records",23,34,31,"1011199"
43,"spotify:track:1bjeWoagtHmUKputLVyDxQ","SZA","Saturn","Top Dawg Entertainment/RCA Records",26,37,6,"1007855"
44,"spotify:track:0K9tfzrxJyCQIf7oAlPwaK","Beyoncé","YA YA","Parkwood Entertainment/Columbia",44,-1,1,"985227"
45,"spotify:track:6WO7IDGLakjO38lsvI2gHB","Benson Boone","Slow It Down","Night Street Records, Inc./Warner Records Inc.",45,71,2,"985210"
46,"spotify:track:5UcUppRaEIBMIHXiUFl7LI","Beyoncé, Linda Martell, Shaboozey","SPAGHETTII","Parkwood Entertainment/Columbia",46,-1,1,"970325"
47,"spotify:track:42VsgItocQwOQC3XWZ8JNA","Travis Scott, Playboi Carti","FE!N (feat. Playboi Carti)","Cactus Jack/Epic",11,46,16,"935210"
48,"spotify:track:3vkCueOmm7xQDoJ17W1Pm3","Mitski","My Love Mine All Mine","Dead Oceans",9,38,29,"930258"
49,"spotify:track:1zi7xx7UVEFkmKfv06H8x0","Drake, Wizkid, Kyla","One Dance","Cash Money Records/Young Money Ent./Universal Rec.",15,45,254,"926539"
50,"spotify:track:52eIcoLUM25zbQupAZYoFh","21 Savage","redrum","Slaughter Gang, LLC/Epic Records",11,36,12,"926104"
51,"spotify:track:3hRV0jL3vUpRrcy398teAU","Lord Huron","The Night We Met","Play It Again Sam",23,40,73,"916602"
52,"spotify:track:0ntQJM78wzOLVeCUAW7Y45","Kings of Leon","Sex on Fire","RCA/Legacy",49,49,158,"908338"
53,"spotify:track:3koE8h6ORJ28j0xEPO4n6K","Beyoncé, Rumi Carter","PROTECTOR","Parkwood Entertainment/Columbia",53,-1,1,"903784"
54,"spotify:track:593knnQN4REEshx8th9zgK","Kenya Grace","Strangers","Major Recordings/Warner Records",1,31,31,"900210"
55,"spotify:track:7yq4Qj7cqayVTp3FF9CWbm","Vance Joy","Riptide","F-Stop Records/Atlantic",13,60,333,"884459"
56,"spotify:track:3dYD57lRAUcMHufyqn9GcI","Hozier","Take Me To Church","Universal-Island Records Ltd.",39,61,188,"881420"
57,"spotify:track:2Zo1PcszsT9WQ0ANntJbID","Sabrina Carpenter","Feather","Island Records",18,48,19,"862101"
58,"spotify:track:0ofHAoxe9vBkTCp2UQIavz","Fleetwood Mac","Dreams - 2004 Remaster","Rhino/Warner Records",17,64,205,"843947"
59,"spotify:track:50SxWFCvmZCYcpKWPZECES","NewEra","Birds In The Sky","FFRR",59,62,8,"835694"
60,"spotify:track:2FDTHlrBguDzQkp7PVj16Q","Dave, Central Cee","Sprinter","Neighbourhood / Live Yours",1,53,44,"835271"
61,"spotify:track:1yeB8MUNeLo9Ek1UEpsyz6","Drake, Sexyy Red, SZA","Rich Baby Daddy (feat. Sexyy Red & SZA)","OVO/Republic",13,50,26,"828539"
62,"spotify:track:254bXAqt3zP6P50BdQvEsq","Fleetwood Mac","Everywhere - 2017 Remaster","Rhino/Warner Records",47,65,263,"825295"
63,"spotify:track:7diD1MucbcRUVjS6AA9ehm","Pozer","Kitchen Stove","Robots & Humans",25,54,6,"824286"
64,"spotify:track:1ACA277B6f46DYCgZW8di3","Artemas","if u think i'm pretty","Artemas",64,84,9,"817076"
65,"spotify:track:1TcF5F10EN17vraisG1gQv","The Blessed Madonna, Clementine Douglas","Happier (feat. Clementine Douglas)","Warner Records",65,111,2,"816657"
66,"spotify:track:0hKtu53OlIFXVuYkZwcn3o","Future, Metro Boomin, Travis Scott","Cinderella","Wilburn Holding Co./Boominati/Epic/Republic",27,27,2,"812494"
67,"spotify:track:6Qyc6fS4DsZjB2mRW9DsQs","The Goo Goo Dolls","Iris","Warner Records",36,42,122,"804375"
68,"spotify:track:7EG3kXbKmNC1OismTn6ZG5","Beyoncé","MY ROSE","Parkwood Entertainment/Columbia",68,-1,1,"804319"
69,"spotify:track:4fYte8ZvTK14NEhAOZocBi","OneRepublic","I Ain't Worried","Mosley Music/Interscope Records",4,77,95,"795967"
70,"spotify:track:3evCfqmaP5ZFbWMeFI0E21","Beyoncé","ALLIIGATOR TEARS","Parkwood Entertainment/Columbia",70,-1,1,"794828"
71,"spotify:track:1mea3bSkSGXuIRvnydlB5b","Coldplay","Viva La Vida","Parlophone UK",27,44,92,"792875"
72,"spotify:track:4kbj5MwxO1bq9wjT5g9HaA","WALK THE MOON","Shut Up and Dance","RCA Records Label",72,74,130,"791319"
73,"spotify:track:1VNWdmXSbaNrnWod10WIL0","The Weeknd, JENNIE, Lily-Rose Depp","One Of The Girls (with JENNIE, Lily Rose Depp)","Universal Republic Records",22,55,20,"790867"
74,"spotify:track:7jtQIBanIiJOMS6RyCx6jZ","Tom Odell","Another Love","ITNO/Columbia",14,93,165,"787889"
75,"spotify:track:6wf7Yu7cxBSPrRlWeSeK0Q","Billie Eilish","What Was I Made For? [From The Motion Picture ""Barbie""]","Darkroom/Interscope Records",2,57,38,"787651"
76,"spotify:track:6ibDVMcMUNqZ5eXT9sD4Vy","Billy Gillies, Hannah Boleyn","DNA (Loving You) [feat. Hannah Boleyn]","Big Beat Records",21,66,29,"786811"
77,"spotify:track:2ZWmmrWUgDBcPSLihBMvhg","Chase & Status, Bou, Flowdan, IRAH, Trigga, Takura","Baddadan (feat. IRAH, Flowdan, Trigga & Takura)","EMI",10,58,36,"784728"
78,"spotify:track:4RvWPyQ5RL0ao9LPZeSouE","Tears For Fears","Everybody Wants To Rule The World","UMC (Universal Music Catalogue)",37,80,125,"784705"
79,"spotify:track:28drn6tQo95MRvO0jQEo5C","Future, Metro Boomin, Travis Scott, Playboi Carti","Type Shit","Wilburn Holding Co./Boominati/Epic/Republic",20,20,2,"782934"
80,"spotify:track:5XeFesFbtLpXzIVDNQP22n","Arctic Monkeys","I Wanna Be Yours","Domino Recording Co",22,72,89,"780650"
81,"spotify:track:7qEHsqek33rTcFNT9PFqLf","Lewis Capaldi","Someone You Loved","Vertigo Berlin",1,70,275,"777343"
82,"spotify:track:2x2olWuWXpqjoeE4bO1NFS","Flo Milli","Never Lose Me","'94 Sounds/RCA Records",14,95,13,"775492"
83,"spotify:track:4sNG6zQBmtq7M8aeeKJRMQ","Declan McKenna","Brazil","Tomplicated",67,73,75,"774952"
84,"spotify:track:76OC0zMt7wqgys9BpPfLag","Beyoncé, Willie Nelson","SMOKE HOUR ★ WILLIE NELSON","Parkwood Entertainment/Columbia",84,-1,1,"774638"
85,"spotify:track:1Rweq7vNjK4kZBbGrmxQsl","Ariana Grande","bye","Republic Records",12,41,4,"771927"
86,"spotify:track:0V3wPSX9ygBnCm8psDIegu","Taylor Swift","Anti-Hero","Taylor Swift",1,63,76,"770378"
87,"spotify:track:7BHPGtpuuWWsvE7cCaMuEU","The Kooks","Naive","Virgin Records",54,76,322,"766329"
88,"spotify:track:0TsCBkrq3owPs06HP5Q9Z4","Beyoncé","RIIVERDANCE","Parkwood Entertainment/Columbia",88,-1,1,"763620"
89,"spotify:track:7GUhiAHLoVy1V8ucQuZ3CB","The Weeknd, Playboi Carti, Madonna","Popular (with Playboi Carti & Madonna)","Universal Republic Records",8,56,44,"756820"
90,"spotify:track:3yrSvpt2l1xhsV9Em88Pul","Van Morrison","Brown Eyed Girl","Columbia/Legacy",83,88,8,"755723"
91,"spotify:track:4E63weMCaNZuGPEFMnuEi8","Tate McRae","exes","RCA Records Label",19,59,20,"749821"
92,"spotify:track:1vYXt7VSjH9JIM5oRRo7vA","Dua Lipa","Dance The Night - From Barbie The Album","Atlantic Records",2,69,45,"748693"
93,"spotify:track:1PTWicTyEUeYeWq4H25a4N","Fred again.., Baby Keem","leavemealone","Atlantic Records UK",18,51,17,"743804"
94,"spotify:track:4bz8Z7squfs2Yji2DwoujR","Sonny Fodera, MK, Clementine Douglas","Asking","Solotoko",17,75,35,"742020"
95,"spotify:track:3xKsf9qdS1CyvXSMEid6g8","Frank Ocean","Pink + White","Boys Don't Cry",32,68,65,"737327"
96,"spotify:track:3NtCIBBz5pEAVGeHL4h5mS","Beyoncé, Dolly Parton","TYRANT","Parkwood Entertainment/Columbia",96,-1,1,"733497"
97,"spotify:track:51D9PHMiMxuRGtGz61F4QN","Beyoncé, Willie Jones","JUST FOR FUN","Parkwood Entertainment/Columbia",97,-1,1,"730873"
98,"spotify:track:58ge6dfP91o9oXMzq3XkIS","Arctic Monkeys","505","Domino Recording Co",17,100,168,"728242"
99,"spotify:track:6OFCzD4d8kjBOJHxz41gqA","Dream Supplier, Baby Sleeps, Background White Noise","Clean Baby Sleep White Noise (Loopable)","Dream Supplier",92,103,15,"722083"
100,"spotify:track:7DSAEUvxU8FajXtRloy8M0","Miley Cyrus","Flowers","Columbia",1,90,63,"716999"
101,"spotify:track:1k1Bqnv2R0uJXQN4u6LKYt","Bill Withers","Ain't No Sunshine","Columbia/Legacy",86,104,6,"712752"
102,"spotify:track:4Dvkj6JhhA12EX05fT7y2e","Harry Styles","As It Was","Columbia",1,106,105,"707716"
103,"spotify:track:56y1jOTK0XSvJzVv9vHQBK","Doja Cat","Paint The Town Red","Kemosabe Records/RCA Records",1,78,35,"703687"
104,"spotify:track:086myS9r57YsLbJpU0TgK9","Arctic Monkeys","Why'd You Only Call Me When You're High?","Domino Recording Co",29,97,181,"702402"
105,"spotify:track:1KGi9sZVMeszgZOWivFpxs","TLC","No Scrubs","Arista/LaFace Records",82,86,58,"701670"
106,"spotify:track:5crY7axm3GejOxy5PsnnPk","The Last Dinner Party","Nothing Matters","Universal-Island Records Ltd.",23,67,12,"697802"
107,"spotify:track:3B54sVLJ402zGa6Xm4YGNe","French Montana, Swae Lee","Unforgettable","Bad Boy Entertainment/Epic Records",2,91,124,"695844"
108,"spotify:track:602d2gJewoiF1FivuOMMwE","Becky Hill, Chase & Status","Disconnect","Polydor Records",11,79,38,"692777"
109,"spotify:track:3tmrwNhOKNDMUVg1Z924Aq","Beyoncé","FLAMENCO","Parkwood Entertainment/Columbia",109,-1,1,"692358"
110,"spotify:track:3WMj8moIAXJhHsyLaqIIHI","Zach Bryan","Something in the Orange","Warner Records",52,87,39,"692153"
111,"spotify:track:7yNf9YjeO5JXUE3JEBgnYc","Dominic Fike","Babydoll","Columbia",99,99,11,"688561"
112,"spotify:track:0Lmbke3KNVFXtoH2mMSHCw","Ariana Grande","the boy is mine","Republic Records",17,52,4,"679612"
113,"spotify:track:69phA1R4gmQsBFRQ3INW8C","Rich Amiri","ONE CALL","Internet Money Records / 10K Projects",62,98,9,"679494"
114,"spotify:track:6WrwKvip8DCxbcs4LXsYwT","Zara Larsson, David Guetta","On My Love","Sommer House/Epic",28,89,21,"675682"
115,"spotify:track:2WfaOiMkCvy7F5fcp2zZ8L","a-ha","Take on Me","Rhino",84,117,33,"673018"
116,"spotify:track:5Jh1i0no3vJ9u4deXkb4aV","Olivia Rodrigo","so american","Olivia Rodrigo PS",39,39,2,"672329"
117,"spotify:track:0gEyKnHvgkrkBM6fbeHdwK","The Cranberries","Linger","Island Records",56,94,14,"669452"
118,"spotify:track:0cVyQfDyRnMJ0V3rjjdlU3","Paul Russell","Lil Boo Thang","Arista Records",61,81,23,"666694"
119,"spotify:track:6XpEm7VJ7TZxZTawH8BCSW","Tyla, Gunna, Skillibeng","Jump","FAX Records/Epic",119,-1,1,"664470"
120,"spotify:track:6kopmMZiyLmw7h66uXcXR7","Mark Ronson, Amy Winehouse","Valerie (feat. Amy Winehouse) - Version Revisited","Columbia",120,-1,8,"664410"
121,"spotify:track:1odExI7RdWc4BT515LTAwj","David Kushner","Daylight","Miserable Music Group, LLC",1,85,51,"655407"
122,"spotify:track:0JI8koDoC5crQbIjhSty59","Rudimental, Skepsis, Charlotte Plank, Riko Dan","Green & Gold (feat. Charlotte Plank & Riko Dan)","Room Two Recordings",122,132,3,"653206"
123,"spotify:track:7e8utCy2JlSB8dRHKi49xM","Arctic Monkeys","Fluorescent Adolescent","Domino Recording Co",40,115,223,"652957"
124,"spotify:track:5uCax9HTNlzGybIStD3vDh","James Arthur","Say You Won't Let Go","Columbia",5,105,288,"650519"
125,"spotify:track:3E7dfMvvCLUddWissuqMwr","Miley Cyrus","Party In The U.S.A.","Hollywood Records",56,114,113,"649153"
126,"spotify:track:4uUG5RXrOk84mYEfFvj3cK","David Guetta, Bebe Rexha","I'm Good (Blue)","Parlophone UK",1,113,83,"648665"
127,"spotify:track:1zv3WFUbZ5vPxFq9I2jAU1","Rihanna, Calvin Harris","We Found Love","Def Jam Recordings",34,101,54,"643246"
128,"spotify:track:456WNXWhDwYOSf5SpTuqxd","Florence + The Machine","Dog Days Are Over","Universal-Island Records Ltd.",21,116,102,"640950"
129,"spotify:track:1rIKgCH4H52lrvDcz50hS8","Zara Larsson","Lush Life","Epic/Record Company TEN",69,-1,33,"640409"
130,"spotify:track:68Dni7IE4VyPkTOH9mRWHr","J. Cole","No Role Modelz","Roc Nation Records LLC",38,112,175,"635315"
131,"spotify:track:2g042sh2sg0fmOrr1lApqi","Beyoncé","II HANDS II HEAVEN","Parkwood Entertainment/Columbia",131,-1,1,"633810"
132,"spotify:track:3Fzlg5r1IjhLk2qRw667od","Toploader","Dancing in the Moonlight","Sony Soho Square",87,-1,240,"632571"
133,"spotify:track:20I6sIOMTCkB6w7ryavxtO","Carly Rae Jepsen","Call Me Maybe","Silent Records IGA",106,128,40,"628034"
134,"spotify:track:4o6BgsqLIBViaGVbx5rbRk","Daryl Hall & John Oates","You Make My Dreams (Come True)","RCA/BMG Heritage",97,135,56,"627943"
135,"spotify:track:5zA8vzDGqPl2AzZkEYQGKh","Billy Joel","Uptown Girl","Columbia",129,129,5,"626440"
136,"spotify:track:5v7Cm2PyrlJ1NIbVOvNcF5","Beyoncé","DESERT EAGLE","Parkwood Entertainment/Columbia",136,-1,1,"624054"
137,"spotify:track:6dBUzqjtbnIa1TwYbyw5CM","TV Girl","Lovers Rock","TV Girl",90,133,51,"622562"
138,"spotify:track:5FVd6KXrgO9B3JPmC8OPst","Arctic Monkeys","Do I Wanna Know?","Domino Recording Co",24,122,316,"618313"
139,"spotify:track:7K3BhSpAxZBznislvUMVtn","Morgan Wallen","Last Night","Big Loud Records / Mercury Records / Republic Records",33,118,51,"616750"
140,"spotify:track:4a6fLRXmH4R4dMu9c1MzE6","Beyoncé","OH LOUISIANA","Parkwood Entertainment/Columbia",140,-1,1,"610946"
141,"spotify:track:5mHdCZtVyb4DcJw8799hZp","RAYE, 070 Shake","Escapism.","Human Re Sources",1,102,72,"609788"
142,"spotify:track:22skzmqfdWrjJylampe0kt","Macklemore, Ryan Lewis, Macklemore & Ryan Lewis, Ray Dalton","Can't Hold Us (feat. Ray Dalton)","Macklemore",68,130,222,"609531"
143,"spotify:track:2tUBqZG2AbRi7Q0BIrVrEj","Whitney Houston","I Wanna Dance with Somebody (Who Loves Me)","Arista/Legacy",45,146,163,"608241"
144,"spotify:track:7lQ8MOhq6IN2w8EYcFNSUk","Eminem","Without Me","Aftermath",51,140,139,"607381"
145,"spotify:track:48vIfHaK7by6x0T6ucpODL","Madison Beer","Make You Mine","Epic/Sing It Loud",94,109,8,"606283"
146,"spotify:track:3AJwUDP919kvQ9QcozQPxg","Coldplay","Yellow","Parlophone UK",21,123,178,"605785"
147,"spotify:track:3GCdLUSnKSMJhs4Tj6CV3s","Kendrick Lamar, SZA","All The Stars (with SZA)","Black Panther (TDE/DMG) PS",2,125,71,"604459"
148,"spotify:track:1jDJFeK9x3OZboIAHsY9k2","Elton John","I'm Still Standing","EMI",84,161,112,"604422"
149,"spotify:track:0VjIjW4GlUZAMYd2vXMi3b","The Weeknd","Blinding Lights","Republic Records",1,139,225,"604202"
150,"spotify:track:7CA0mEKqEZ0WFAIlTS4uEl","Beyoncé, Shaboozey","SWEET ★ HONEY ★ BUCKIIN'","Parkwood Entertainment/Columbia",150,-1,1,"604192"
151,"spotify:track:2tpWsVSb9UEmDRxAl1zhX1","OneRepublic","Counting Stars","Mosley / Interscope",99,141,133,"603444"
152,"spotify:track:0TwBtDAWpkpM3srywFVOV5","Beyoncé, JAY-Z","Crazy In Love (feat. JAY-Z)","Columbia",102,110,10,"595396"
153,"spotify:track:09CnYHiZ5jGT1wr1TXJ9Zt","Dimitri Vegas & Like Mike, Tiësto, Dido, W&W, Dimitri Vegas, Like Mike","Thank You (Not So Bad)","Ministry of Sound Recordings",119,124,10,"595092"
154,"spotify:track:4EWCNWgDS8707fNSZ1oaA5","Kanye West","Heartless","Roc-A-Fella",30,131,72,"594909"
155,"spotify:track:3YgtkOxZsTuaZdL8McA1FQ","Fred again.., Obongjayar","adore u","Atlantic Records UK",7,147,34,"593046"
156,"spotify:track:4iZ4pt7kvcaH6Yo8UoZ4s2","SZA","Snooze","Top Dawg Entertainment/RCA Records",49,121,67,"592218"
157,"spotify:track:7MXVkk9YMctZqd1Srtv4MB","The Weeknd, Daft Punk","Starboy","Universal Republic Records",2,137,142,"591950"
158,"spotify:track:2H2ytI7ompfNmRkI2sq8Uk","Camila Cabello, Playboi Carti","I LUV IT (feat. Playboi Carti)","Geffen/Interscope Records",158,-1,1,"591205"
159,"spotify:track:07GvNcU1WdyZJq3XxP0kZa","Fleetwood Mac","Go Your Own Way - 2004 Remaster","Rhino/Warner Records",62,191,187,"589112"
160,"spotify:track:5g7sDjBhZ4I3gcFIpkrLuI","Bruno Mars","Locked out of Heaven","Atlantic Records",70,92,23,"588489"
161,"spotify:track:4KW1lqgSr8TKrvBII0Brf8","Kanye West","Father Stretch My Hands Pt. 1","Rock The World/IDJ/Kanye LP7",49,138,29,"586430"
162,"spotify:track:5TRPicyLGbAF2LGBFbHGvO","Kanye West, Dwele","Flashing Lights","Roc-A-Fella",56,151,52,"585963"
163,"spotify:track:2o1pb13quMReXZqE7jWsgq","Ariana Grande","intro (end of the world)","Republic Records",32,143,4,"584836"
164,"spotify:track:7i5tBVaBU5Z4Va6XK0L5mm","goddard., Cat Burns","Wasted Youth","Atlantic Records UK",108,108,3,"582927"
165,"spotify:track:3kXoKlD84c6OmIcOLfrfEs","Earth, Wind & Fire","September","Columbia/Legacy",59,185,103,"582679"
166,"spotify:track:22VHOlVYBqytsrAqV8yXBK","Noah Kahan, Post Malone","Dial Drunk (with Post Malone)","Mercury Records/Republic Records",51,145,17,"580766"
167,"spotify:track:7tqhbajSfrz2F7E1Z75ASX","Marvin Gaye, Tammi Terrell","Ain't No Mountain High Enough","UNI/MOTOWN",35,163,58,"579211"
168,"spotify:track:5qqabIl2vWzo9ApSC317sa","Oasis","Wonderwall - Remastered","Big Brother Recordings Ltd",61,157,372,"576594"
169,"spotify:track:5qaEfEh1AtSdrdrByCP7qR","Imagine Dragons","Demons","Kid Ina Korner / Interscope",117,-1,25,"571175"
170,"spotify:track:1Iq8oo9XkmmvCQiGOfORiz","Taylor Swift","Is It Over Now? (Taylor's Version) (From The Vault)","Taylor Swift",1,96,23,"567602"
171,"spotify:track:6v4ABPB255HDSWyIj3S9Wn","Calvin Harris, Rag'n'Bone Man","Lovers In A Past Life (with Rag'n'Bone Man)","Columbia",66,136,7,"567286"
172,"spotify:track:7KA4W4McWYRpgf0fWsJZWB","Tyler, The Creator, Kali Uchis","See You Again (feat. Kali Uchis)","Columbia",13,176,52,"565643"
173,"spotify:track:3yfqSUWxFvZELEM4PmlwIR","Eminem","The Real Slim Shady","Interscope",57,170,156,"565105"
174,"spotify:track:6J2LdBN97cDWn0MLxYh9HB","Noah Cyrus","July","Records/Columbia",84,127,49,"564361"
175,"spotify:track:5T8EDUDqKcs6OSOwEsfqG7","Queen","Don't Stop Me Now - Remastered 2011","EMI",73,183,208,"564267"
176,"spotify:track:4U45aEWtQhrm8A5mxPaFZ7","Billy Joel","Vienna","Columbia/Legacy",176,178,2,"562934"
177,"spotify:track:0QRhtV1MwywpkLTvCdMaWq","G-Eazy","Lady Killers II","G-EAZY",177,-1,1,"562148"
178,"spotify:track:3nqqDo8CcCLke3ZoTgiOKf","The Script","The Man Who Can't Be Moved","Epic/Phonogenic",178,190,2,"561856"
179,"spotify:track:3IX0yuEVvDbnqUwMBB3ouC","Olivia Rodrigo","bad idea right?","Olivia Rodrigo PS",4,107,33,"561357"
180,"spotify:track:6K4t31amVTZDgR3sKmwUJJ","Tame Impala","The Less I Know The Better","Universal Music Australia Pty. Ltd.",116,180,91,"560667"
181,"spotify:track:2LawezPeJhN4AWuSB0GtAU","Creedence Clearwater Revival","Have You Ever Seen The Rain","Craft Recordings",134,200,10,"558885"
182,"spotify:track:6PwjJ58I4t7Mae9xfZ9l9v","The Killers","Somebody Told Me","Island Records",105,159,17,"558438"
183,"spotify:track:4iz9lGMjU1lXS51oPmUmTe","Kanye West, Chris Martin","Homecoming","Roc-A-Fella",94,149,24,"558074"
184,"spotify:track:3ZFTkvIE7kyPt6Nu3PEa7V","Shakira, Wyclef Jean","Hips Don't Lie (feat. Wyclef Jean)","Epic",156,156,19,"556980"
185,"spotify:track:3t7MOVjzXyqT7vPw4eNrAV","Meghan Trainor, T-Pain","Been Like This","Epic",185,-1,1,"554129"
186,"spotify:track:5SkRLpaGtvYPhw02vZhQQ9","Kanye West, Syleena Johnson","All Falls Down","Roc-A-Fella",93,154,30,"553912"
187,"spotify:track:7j74lucZ59vqN67Ipe2ZcY","Daryl Hall & John Oates","Maneater","RCA/Legacy",187,-1,1,"553448"
188,"spotify:track:2gam98EZKrF9XuOkU13ApN","Nelly Furtado, Timbaland","Promiscuous","Mosley / Geffen",93,177,91,"553245"
189,"spotify:track:2PpruBYCo4H7WOBJ7Q2EwM","Outkast","Hey Ya!","Arista",92,179,16,"553170"
190,"spotify:track:5e9TFTbltYBg2xThimr0rU","Fleetwood Mac","The Chain - 2004 Remaster","Rhino/Warner Records",74,186,212,"550298"
191,"spotify:track:6dGnYIeXmHdcikdzNNDMm2","The Beatles","Here Comes The Sun - Remastered 2009","EMI Catalogue",115,198,29,"550089"
192,"spotify:track:3DK6m7It6Pw857FcQftMds","Kanye West, Pusha T","Runaway","Roc-A-Fella",25,142,22,"548871"
193,"spotify:track:0RiRZpuVRbi7oqRdSMwhQY","Post Malone, Swae Lee","Sunflower - Spider-Man: Into the Spider-Verse","Republic Records",3,-1,238,"547554"
194,"spotify:track:0WIv5qV41y6YjjB9V1biuC","Muni Long","Made For Me","Supergiant Records, LLC / Def Jam Recordings",72,134,8,"546801"
195,"spotify:track:4O2rRsoSPb5aN7N3tG6Y3v","Noah Kahan","Northern Attitude","Mercury Records/Republic Records",31,199,19,"546198"
196,"spotify:track:6UelLqGlWMcVH1E5c4H7lY","Harry Styles","Watermelon Sugar","Columbia",4,-1,190,"545639"
197,"spotify:track:4R2kfaDFhslZEMJqAFNpdd","Taylor Swift","cardigan","Taylor Swift",4,158,65,"544846"
198,"spotify:track:2ENexcMEMsYk0rVJigVD3i","Rihanna","Only Girl (In The World)","Def Jam Recordings",138,160,16,"543745"
199,"spotify:track:1R0a2iXumgCiFb7HEZ7gUE","Taylor Swift","Don’t Blame Me","Big Machine Records, LLC",38,167,95,"541099"
200,"spotify:track:3azJifCSqg9fRij2yKIbWz","Tory Lanez","The Color Violet","One Umbrella Records",33,196,73,"540515"
